,Timestamp,Query Type,Domain,Source IP,Forward IP,Reply IP
0,Aug  5 23:47:19 2024,,pull-fcdn-base2.s.bytefcdn-oversea.com,,,45.197.66.183
1,Aug  5 23:47:19 2024,,pull-fcdn-base2.s.bytefcdn-oversea.com,,,98.96.192.78
2,Aug  5 23:47:19 2024,,pull-fcdn-base2.s.bytefcdn-oversea.com,,,45.197.66.182
3,Aug  5 23:47:19 2024,,pull-fcdn-base2.s.bytefcdn-oversea.com,,,98.96.192.7
4,Aug  5 23:47:19 2024,,pull-fcdn-base2.s.bytefcdn-oversea.com,,,98.96.192.11
5,Aug  5 23:47:19 2024,,pull-fcdn-base2.s.bytefcdn-oversea.com,,,45.197.66.187
6,Aug  5 23:47:19 2024,,pull-fcdn-base2.s.bytefcdn-oversea.com,,,98.96.192.69
7,Aug  5 23:47:19 2024,,pull-fcdn-base2.s.bytefcdn-oversea.com,,,98.96.192.6
8,Aug  5 23:47:19 2024,,pull-fcdn-base2.s.bytefcdn-oversea.com,,,98.96.192.10
9,Aug  5 23:47:19 2024,,pull-fcdn-base2.s.bytefcdn-oversea.com,,,45.197.66.180
10,Aug  5 23:47:19 2024,A,push-rtmp-f5-tt03.fcdn.eu.tiktokcdn.com,192.168.3.114,,
11,Aug  5 23:47:19 2024,,push-rtmp-f5-tt03.fcdn.eu.tiktokcdn.com,,8.8.8.8,
12,Aug  5 23:47:19 2024,,push-rtmp-f5-tt03.fcdn.eu.tiktokcdn.com,,,<CNAME>
13,Aug  5 23:47:19 2024,,push-rtmp-f5-tt03.fcdn.eu.tiktokcdn.com.c.bytefcdn-ttpeu.com,,,<CNAME>
14,Aug  5 23:47:19 2024,,push-base2.s.bytefcdn-ttpeu.com,,,143.42.245.114
15,Aug  5 23:47:19 2024,,push-base2.s.bytefcdn-ttpeu.com,,,71.18.71.107
16,Aug  5 23:47:19 2024,,push-base2.s.bytefcdn-ttpeu.com,,,71.18.49.230
17,Aug  5 23:47:19 2024,,push-base2.s.bytefcdn-ttpeu.com,,,139.177.241.195
18,Aug  5 23:47:19 2024,,push-base2.s.bytefcdn-ttpeu.com,,,71.18.49.236
19,Aug  5 23:47:19 2024,,push-base2.s.bytefcdn-ttpeu.com,,,71.18.87.226
20,Aug  5 23:47:19 2024,,push-base2.s.bytefcdn-ttpeu.com,,,71.18.49.229
21,Aug  5 23:47:19 2024,,pull-c5-gcp01.fcdn.eu.tiktokcdn.com.c.bytefcdn-ttpeu.com,,,<CNAME>
22,Aug  5 23:47:19 2024,,pull-base1.s.bytefcdn-ttpeu.com,,,143.42.210.227
23,Aug  5 23:47:19 2024,,pull-base1.s.bytefcdn-ttpeu.com,,,207.211.211.112
24,Aug  5 23:47:19 2024,,pull-base1.s.bytefcdn-ttpeu.com,,,207.211.211.87
25,Aug  5 23:47:19 2024,,pull-base1.s.bytefcdn-ttpeu.com,,,71.18.45.201
26,Aug  5 23:47:19 2024,A,pull-flv-l10-sg01.tiktokcdn.com.rocket-cdn.com,192.168.3.114,,
27,Aug  5 23:47:19 2024,,pull-flv-l10-sg01.tiktokcdn.com.rocket-cdn.com,,8.8.8.8,
28,Aug  5 23:47:19 2024,A,pull-f5-va01.tiktokcdn-us.com,192.168.3.114,,
29,Aug  5 23:47:19 2024,,pull-f5-va01.tiktokcdn-us.com,,8.8.8.8,
30,Aug  5 23:47:19 2024,,pull-f5-va01.tiktokcdn-us.com,,,<CNAME>
31,Aug  5 23:47:19 2024,,pull-f5-va01.tiktokcdn-us.com.c.worldfcdn2.com,,,<CNAME>
32,Aug  5 23:47:19 2024,,pull-fcdn-ttp5.s.worldfcdn2.com,,,71.18.53.226
33,Aug  5 23:47:19 2024,,pull-fcdn-ttp5.s.worldfcdn2.com,,,71.18.53.224
34,Aug  5 23:47:19 2024,,pull-fcdn-ttp5.s.worldfcdn2.com,,,71.18.27.225
35,Aug  5 23:47:19 2024,,pull-fcdn-ttp5.s.worldfcdn2.com,,,71.18.50.229
36,Aug  5 23:47:19 2024,A,pull-flv-o77-sg01.tiktokcdn-us.com,192.168.3.114,,
37,Aug  5 23:47:19 2024,,pull-flv-o77-sg01.tiktokcdn-us.com,,8.8.8.8,
38,Aug  5 23:47:19 2024,,pull-flv-o77-sg01.tiktokcdn-us.com,,,<CNAME>
39,Aug  5 23:47:19 2024,,1260974325.rsc.cdn77.org,,,156.146.53.1
40,Aug  5 23:47:19 2024,,1260974325.rsc.cdn77.org,,,156.146.53.26
41,Aug  5 23:47:19 2024,,1260974325.rsc.cdn77.org,,,156.146.53.25
42,Aug  5 23:47:19 2024,A,a1371.z.akamai.net,192.168.3.114,,
43,Aug  5 23:47:19 2024,,a1371.z.akamai.net,,8.8.8.8,
44,Aug  5 23:47:20 2024,,pull-flv-l10-sg01.tiktokcdn.com.rocket-cdn.com,,,<CNAME>
45,Aug  5 23:47:20 2024,,hcdnl.pulltiktok.ovc.gslb.rocket-cdn.com,,,148.153.201.150
46,Aug  5 23:47:20 2024,,hcdnl.pulltiktok.ovc.gslb.rocket-cdn.com,,,38.60.178.90
47,Aug  5 23:47:20 2024,,a1371.z.akamai.net,,,23.62.46.211
48,Aug  5 23:47:20 2024,,a1371.z.akamai.net,,,23.62.46.209
49,Aug  5 23:47:20 2024,A,1561539925.rsc.cdn77.org,192.168.3.114,,
50,Aug  5 23:47:20 2024,,1561539925.rsc.cdn77.org,,8.8.8.8,
51,Aug  5 23:47:20 2024,A,pull-o5-va01.tiktokcdn-us.com.c.worldfcdn2.com,192.168.3.114,,
52,Aug  5 23:47:20 2024,,pull-o5-va01.tiktokcdn-us.com.c.worldfcdn2.com,,8.8.8.8,
53,Aug  5 23:47:20 2024,,1561539925.rsc.cdn77.org,,,156.146.53.26
54,Aug  5 23:47:20 2024,,1561539925.rsc.cdn77.org,,,156.146.53.1
55,Aug  5 23:47:20 2024,,1561539925.rsc.cdn77.org,,,156.146.53.25
56,Aug  5 23:47:20 2024,A,1037185619.rsc.cdn77.org,192.168.3.114,,
57,Aug  5 23:47:20 2024,,1037185619.rsc.cdn77.org,,8.8.8.8,
58,Aug  5 23:47:20 2024,,pull-o5-va01.tiktokcdn-us.com.c.worldfcdn2.com,,,<CNAME>
59,Aug  5 23:47:20 2024,,pull-fcdn-ttp8.s.worldfcdn2.com,,,71.18.53.226
60,Aug  5 23:47:20 2024,,pull-fcdn-ttp8.s.worldfcdn2.com,,,71.18.53.227
61,Aug  5 23:47:20 2024,,pull-fcdn-ttp8.s.worldfcdn2.com,,,71.18.27.225
62,Aug  5 23:47:20 2024,,pull-fcdn-ttp8.s.worldfcdn2.com,,,71.18.53.225
63,Aug  5 23:47:20 2024,,1037185619.rsc.cdn77.org,,,156.146.53.1
64,Aug  5 23:47:20 2024,,1037185619.rsc.cdn77.org,,,156.146.53.26
65,Aug  5 23:47:20 2024,,1037185619.rsc.cdn77.org,,,156.146.53.25
66,Aug  5 23:47:20 2024,A,1682337735.rsc.cdn77.org,192.168.3.114,,
67,Aug  5 23:47:20 2024,,1682337735.rsc.cdn77.org,,8.8.8.8,
68,Aug  5 23:47:20 2024,A,pull-f5-tt02.fcdn.eu.tiktokcdn.com,192.168.3.114,,
69,Aug  5 23:47:20 2024,,pull-f5-tt02.fcdn.eu.tiktokcdn.com,,8.8.8.8,
70,Aug  5 23:47:20 2024,,pull-f5-tt02.fcdn.eu.tiktokcdn.com,,,<CNAME>
71,Aug  5 23:47:20 2024,,pull-f5-tt02.fcdn.eu.tiktokcdn.com.c.bytefcdn-ttpeu.com,,,<CNAME>
72,Aug  5 23:47:20 2024,,pull-base1.s.bytefcdn-ttpeu.com,,,143.42.210.227
73,Aug  5 23:47:20 2024,,pull-base1.s.bytefcdn-ttpeu.com,,,71.18.45.201
74,Aug  5 23:47:20 2024,,pull-base1.s.bytefcdn-ttpeu.com,,,207.211.211.112
75,Aug  5 23:47:20 2024,,pull-base1.s.bytefcdn-ttpeu.com,,,207.211.211.87
76,Aug  5 23:47:20 2024,,1682337735.rsc.cdn77.org,,,156.146.53.25
77,Aug  5 23:47:20 2024,,1682337735.rsc.cdn77.org,,,156.146.53.26
78,Aug  5 23:47:20 2024,,1682337735.rsc.cdn77.org,,,156.146.53.1
79,Aug  5 23:47:20 2024,A,1483844406.rsc.cdn77.org,192.168.3.114,,
80,Aug  5 23:47:20 2024,,1483844406.rsc.cdn77.org,,8.8.8.8,
81,Aug  5 23:47:20 2024,A,1059928774.rsc.cdn77.org,192.168.3.114,,
82,Aug  5 23:47:20 2024,,1059928774.rsc.cdn77.org,,8.8.8.8,
83,Aug  5 23:47:20 2024,,1483844406.rsc.cdn77.org,,,156.146.53.26
84,Aug  5 23:47:20 2024,,1483844406.rsc.cdn77.org,,,156.146.53.1
85,Aug  5 23:47:20 2024,,1483844406.rsc.cdn77.org,,,156.146.53.25
86,Aug  5 23:47:20 2024,,1059928774.rsc.cdn77.org,,,156.146.53.26
87,Aug  5 23:47:20 2024,,1059928774.rsc.cdn77.org,,,156.146.53.25
88,Aug  5 23:47:20 2024,,1059928774.rsc.cdn77.org,,,156.146.53.1
89,Aug  5 23:47:20 2024,A,1928505594.rsc.cdn77.org,192.168.3.114,,
90,Aug  5 23:47:20 2024,,1928505594.rsc.cdn77.org,,8.8.8.8,
91,Aug  5 23:47:20 2024,A,pull-flv-q10-sg01.tiktokcdn.com,192.168.3.114,,
92,Aug  5 23:47:20 2024,,pull-flv-q10-sg01.tiktokcdn.com,,8.8.8.8,
93,Aug  5 23:47:20 2024,,1928505594.rsc.cdn77.org,,,84.17.61.17
94,Aug  5 23:47:20 2024,A,fk8omwirn7.mncdn.com,192.168.3.114,,
95,Aug  5 23:47:20 2024,,fk8omwirn7.mncdn.com,,8.8.8.8,
96,Aug  5 23:47:20 2024,,fk8omwirn7.mncdn.com,,,185.155.102.92
97,Aug  5 23:47:20 2024,A,pull-f5-va01.tiktokcdn.com.c.bytefcdn-oversea.com,192.168.3.114,,
98,Aug  5 23:47:20 2024,,pull-f5-va01.tiktokcdn.com.c.bytefcdn-oversea.com,,8.8.8.8,
99,Aug  5 23:47:20 2024,,pull-f5-va01.tiktokcdn.com.c.bytefcdn-oversea.com,,,<CNAME>
100,Aug  5 23:47:20 2024,,pull-fcdn-base1.s.bytefcdn-oversea.com,,,98.98.70.44
101,Aug  5 23:47:20 2024,,pull-fcdn-base1.s.bytefcdn-oversea.com,,,98.96.192.10
102,Aug  5 23:47:20 2024,,pull-fcdn-base1.s.bytefcdn-oversea.com,,,98.96.192.7
103,Aug  5 23:47:20 2024,,pull-fcdn-base1.s.bytefcdn-oversea.com,,,98.96.192.6
104,Aug  5 23:47:20 2024,,pull-fcdn-base1.s.bytefcdn-oversea.com,,,98.96.192.67
105,Aug  5 23:47:20 2024,,pull-fcdn-base1.s.bytefcdn-oversea.com,,,169.150.221.72
106,Aug  5 23:47:20 2024,,pull-fcdn-base1.s.bytefcdn-oversea.com,,,98.96.192.69
107,Aug  5 23:47:20 2024,,pull-fcdn-base1.s.bytefcdn-oversea.com,,,45.197.66.185
108,Aug  5 23:47:20 2024,,pull-fcdn-base1.s.bytefcdn-oversea.com,,,45.197.66.186
109,Aug  5 23:47:20 2024,,pull-fcdn-base1.s.bytefcdn-oversea.com,,,98.96.192.73
110,Aug  5 23:47:20 2024,,pull-fcdn-base1.s.bytefcdn-oversea.com,,,98.96.192.78
111,Aug  5 23:47:20 2024,,pull-fcdn-base1.s.bytefcdn-oversea.com,,,169.150.221.187
112,Aug  5 23:47:20 2024,,pull-fcdn-base1.s.bytefcdn-oversea.com,,,98.96.192.11
113,Aug  5 23:47:20 2024,,pull-fcdn-base1.s.bytefcdn-oversea.com,,,45.197.66.187
114,Aug  5 23:47:20 2024,A,pull-flv-f77-va01.tiktokcdn.com,192.168.3.114,,
115,Aug  5 23:47:20 2024,,pull-flv-f77-va01.tiktokcdn.com,,8.8.8.8,
116,Aug  5 23:47:20 2024,,pull-flv-f77-va01.tiktokcdn.com,,,<CNAME>
117,Aug  5 23:47:20 2024,,1655932307.rsc.cdn77.org,,,156.146.53.26
118,Aug  5 23:47:20 2024,,1655932307.rsc.cdn77.org,,,156.146.53.1
119,Aug  5 23:47:20 2024,,1655932307.rsc.cdn77.org,,,156.146.53.25
120,Aug  5 23:47:20 2024,A,pull-w5-va01.ttlivecdn.com.c.bytefcdn-oversea.com,192.168.3.114,,
121,Aug  5 23:47:20 2024,,pull-w5-va01.ttlivecdn.com.c.bytefcdn-oversea.com,,8.8.8.8,
122,Aug  5 23:47:20 2024,,pull-flv-q10-sg01.tiktokcdn.com,,,<CNAME>
123,Aug  5 23:47:20 2024,,pull-flv-q10-sg01.tiktokcdn.com.rocket-cdn.com,,,<CNAME>
124,Aug  5 23:47:20 2024,,hcdnl.pulltiktok.ovc.gslb.rocket-cdn.com,,,148.153.201.150
125,Aug  5 23:47:20 2024,,hcdnl.pulltiktok.ovc.gslb.rocket-cdn.com,,,38.60.178.90
126,Aug  5 23:47:20 2024,,pull-w5-va01.ttlivecdn.com.c.bytefcdn-oversea.com,,,<CNAME>
127,Aug  5 23:47:20 2024,,pull-fcdn-base1.s.bytefcdn-oversea.com,,,98.96.192.73
128,Aug  5 23:47:20 2024,,pull-fcdn-base1.s.bytefcdn-oversea.com,,,98.96.192.7
129,Aug  5 23:47:20 2024,,pull-fcdn-base1.s.bytefcdn-oversea.com,,,98.96.192.11
130,Aug  5 23:47:20 2024,,pull-fcdn-base1.s.bytefcdn-oversea.com,,,169.150.221.187
131,Aug  5 23:47:20 2024,,pull-fcdn-base1.s.bytefcdn-oversea.com,,,98.96.192.6
132,Aug  5 23:47:20 2024,,pull-fcdn-base1.s.bytefcdn-oversea.com,,,45.197.66.187
133,Aug  5 23:47:20 2024,,pull-fcdn-base1.s.bytefcdn-oversea.com,,,45.197.66.185
134,Aug  5 23:47:20 2024,,pull-fcdn-base1.s.bytefcdn-oversea.com,,,98.96.192.78
135,Aug  5 23:47:20 2024,,pull-fcdn-base1.s.bytefcdn-oversea.com,,,98.96.192.67
136,Aug  5 23:47:20 2024,,pull-fcdn-base1.s.bytefcdn-oversea.com,,,169.150.221.72
137,Aug  5 23:47:20 2024,,pull-fcdn-base1.s.bytefcdn-oversea.com,,,98.96.192.10
138,Aug  5 23:47:20 2024,,pull-fcdn-base1.s.bytefcdn-oversea.com,,,45.197.66.186
139,Aug  5 23:47:20 2024,,pull-fcdn-base1.s.bytefcdn-oversea.com,,,98.98.70.44
140,Aug  5 23:47:20 2024,,pull-fcdn-base1.s.bytefcdn-oversea.com,,,98.96.192.69
141,Aug  5 23:47:20 2024,A,1383071503.rsc.cdn77.org,192.168.3.114,,
142,Aug  5 23:47:20 2024,,1383071503.rsc.cdn77.org,,8.8.8.8,
143,Aug  5 23:47:20 2024,A,pull-c5-gcp01.tiktokcdn.com.c.bytefcdn-ttpeu.com,192.168.3.114,,
144,Aug  5 23:47:20 2024,,pull-c5-gcp01.tiktokcdn.com.c.bytefcdn-ttpeu.com,,8.8.8.8,
145,Aug  5 23:47:20 2024,,1383071503.rsc.cdn77.org,,,156.146.53.1
146,Aug  5 23:47:20 2024,,1383071503.rsc.cdn77.org,,,156.146.53.25
147,Aug  5 23:47:20 2024,,1383071503.rsc.cdn77.org,,,156.146.53.26
148,Aug  5 23:47:20 2024,,pull-c5-gcp01.tiktokcdn.com.c.bytefcdn-ttpeu.com,,,<CNAME>
149,Aug  5 23:47:20 2024,,pull-base2.s.bytefcdn-ttpeu.com,,,216.225.168.8
150,Aug  5 23:47:20 2024,,pull-base2.s.bytefcdn-ttpeu.com,,,71.18.49.231
151,Aug  5 23:47:20 2024,,pull-base2.s.bytefcdn-ttpeu.com,,,216.225.168.3
152,Aug  5 23:47:20 2024,,pull-base2.s.bytefcdn-ttpeu.com,,,207.211.211.114
153,Aug  5 23:47:20 2024,A,pull-flv-l16-gcp01.tiktokcdn.com.atomile.com,192.168.3.114,,
154,Aug  5 23:47:20 2024,,pull-flv-l16-gcp01.tiktokcdn.com.atomile.com,,8.8.8.8,
155,Aug  5 23:47:20 2024,A,1004432549.rsc.cdn77.org,192.168.3.114,,
156,Aug  5 23:47:20 2024,,1004432549.rsc.cdn77.org,,8.8.8.8,
157,Aug  5 23:47:20 2024,,1004432549.rsc.cdn77.org,,,156.146.53.1
158,Aug  5 23:47:20 2024,,1004432549.rsc.cdn77.org,,,156.146.53.26
159,Aug  5 23:47:20 2024,,1004432549.rsc.cdn77.org,,,156.146.53.25
160,Aug  5 23:47:20 2024,,pull-flv-l16-gcp01.tiktokcdn.com.atomile.com,,,138.113.19.250
161,Aug  5 23:47:20 2024,,pull-flv-l16-gcp01.tiktokcdn.com.atomile.com,,,157.185.157.227
162,Aug  5 23:47:20 2024,,pull-flv-l16-gcp01.tiktokcdn.com.atomile.com,,,157.185.179.22
163,Aug  5 23:47:20 2024,,pull-flv-l16-gcp01.tiktokcdn.com.atomile.com,,,138.113.26.17
164,Aug  5 23:47:20 2024,,pull-flv-l16-gcp01.tiktokcdn.com.atomile.com,,,157.185.164.166
165,Aug  5 23:47:20 2024,,pull-flv-l16-gcp01.tiktokcdn.com.atomile.com,,,157.185.157.30
166,Aug  5 23:47:20 2024,,pull-flv-l16-gcp01.tiktokcdn.com.atomile.com,,,157.185.157.238
167,Aug  5 23:47:20 2024,,pull-flv-l16-gcp01.tiktokcdn.com.atomile.com,,,138.113.81.253
168,Aug  5 23:47:20 2024,,pull-flv-l16-gcp01.tiktokcdn.com.atomile.com,,,138.113.26.28
169,Aug  5 23:47:20 2024,,pull-flv-l16-gcp01.tiktokcdn.com.atomile.com,,,138.113.24.20
170,Aug  5 23:47:20 2024,,pull-flv-l16-gcp01.tiktokcdn.com.atomile.com,,,157.185.170.215
171,Aug  5 23:47:20 2024,,pull-flv-l16-gcp01.tiktokcdn.com.atomile.com,,,157.185.171.8
172,Aug  5 23:47:20 2024,,pull-flv-l16-gcp01.tiktokcdn.com.atomile.com,,,138.113.159.37
173,Aug  5 23:47:28 2024,A,canary.mask.apple-dns.net,192.168.3.223,,
174,Aug  5 23:47:28 2024,,canary.mask.apple-dns.net,,8.8.8.8,
175,Aug  5 23:47:28 2024,,canary.mask.apple-dns.net,,,17.248.245.138
176,Aug  5 23:47:28 2024,,canary.mask.apple-dns.net,,,17.248.245.132
177,Aug  5 23:47:28 2024,,canary.mask.apple-dns.net,,,17.248.245.36
178,Aug  5 23:47:28 2024,,canary.mask.apple-dns.net,,,17.248.245.233
179,Aug  5 23:47:28 2024,,canary.mask.apple-dns.net,,,17.248.245.230
180,Aug  5 23:47:28 2024,,canary.mask.apple-dns.net,,,17.248.245.228
181,Aug  5 23:47:28 2024,,canary.mask.apple-dns.net,,,17.248.245.235
182,Aug  5 23:47:28 2024,,canary.mask.apple-dns.net,,,17.248.245.229
183,Aug  5 23:47:42 2024,HTTPS,vt.outbrain.com,192.168.3.223,,
184,Aug  5 23:47:42 2024,,vt.outbrain.com,,8.8.8.8,
185,Aug  5 23:47:42 2024,,vt.outbrain.com,,8.8.4.4,
186,Aug  5 23:47:42 2024,,vt.outbrain.com,,8.8.8.8,
187,Aug  5 23:47:42 2024,,vt.outbrain.com,,8.8.4.4,
188,Aug  5 23:47:42 2024,,vt.outbrain.com,,8.8.8.8,
189,Aug  5 23:47:42 2024,,vt.outbrain.com,,8.8.4.4,
190,Aug  5 23:47:42 2024,A,vt.outbrain.com,192.168.3.223,,
191,Aug  5 23:47:42 2024,,vt.outbrain.com,,8.8.8.8,
192,Aug  5 23:47:42 2024,,vt.outbrain.com,,,<CNAME>
193,Aug  5 23:47:42 2024,,alldcs.outbrain.org,,,<CNAME>
194,Aug  5 23:47:42 2024,,sadc1.outbrain.org,,,NODATA
195,Aug  5 23:47:42 2024,,vt.outbrain.com,,,<CNAME>
196,Aug  5 23:47:42 2024,,alldcs.outbrain.org,,,<CNAME>
197,Aug  5 23:47:42 2024,,sadc1.outbrain.org,,,38.133.127.31
198,Aug  5 23:47:42 2024,HTTPS,prebid-server-perf.rubiconproject.net.akadns.net,192.168.3.223,,
199,Aug  5 23:47:42 2024,,prebid-server-perf.rubiconproject.net.akadns.net,,8.8.8.8,
200,Aug  5 23:47:42 2024,A,prebid-server-perf.rubiconproject.net.akadns.net,192.168.3.223,,
201,Aug  5 23:47:42 2024,,prebid-server-perf.rubiconproject.net.akadns.net,,8.8.8.8,
202,Aug  5 23:47:42 2024,,prebid-server-perf.rubiconproject.net.akadns.net,,,NODATA
203,Aug  5 23:47:42 2024,,prebid-server-perf.rubiconproject.net.akadns.net,,,69.173.154.9
204,Aug  5 23:47:44 2024,HTTPS,ip1.ads.stickyadstv.com.akadns.net,192.168.3.223,,
205,Aug  5 23:47:44 2024,,ip1.ads.stickyadstv.com.akadns.net,,8.8.8.8,
206,Aug  5 23:47:44 2024,A,ip1.ads.stickyadstv.com.akadns.net,192.168.3.223,,
207,Aug  5 23:47:44 2024,,ip1.ads.stickyadstv.com.akadns.net,,8.8.8.8,
208,Aug  5 23:47:44 2024,,ip1.ads.stickyadstv.com.akadns.net,,,<CNAME>
209,Aug  5 23:47:44 2024,,ip2.ads.stickyadstv.com.akadns.net,,,<CNAME>
210,Aug  5 23:47:44 2024,,fp3.ads.stickyadstv.com.akadns.net,,,38.71.2.198
211,Aug  5 23:47:44 2024,,fp3.ads.stickyadstv.com.akadns.net,,,38.71.2.199
212,Aug  5 23:47:44 2024,,ip1.ads.stickyadstv.com.akadns.net,,,<CNAME>
213,Aug  5 23:47:44 2024,,ip2.ads.stickyadstv.com.akadns.net,,,<CNAME>
214,Aug  5 23:47:44 2024,,fp3.ads.stickyadstv.com.akadns.net,,,NODATA
215,Aug  5 23:47:44 2024,HTTPS,fp3.ads.stickyadstv.com.akadns.net,192.168.3.223,,
216,Aug  5 23:47:44 2024,,fp3.ads.stickyadstv.com.akadns.net,,8.8.8.8,
217,Aug  5 23:47:44 2024,,fp3.ads.stickyadstv.com.akadns.net,,,NODATA
218,Aug  5 23:47:45 2024,HTTPS,www.forbes.com,192.168.3.223,,
219,Aug  5 23:47:45 2024,,www.forbes.com,,8.8.8.8,
220,Aug  5 23:47:45 2024,A,www.forbes.com,192.168.3.223,,
221,Aug  5 23:47:45 2024,,www.forbes.com,,8.8.8.8,
222,Aug  5 23:47:45 2024,,www.forbes.com,,,<CNAME>
223,Aug  5 23:47:45 2024,,m.sni.global.fastly.net,,,151.101.129.55
224,Aug  5 23:47:45 2024,,m.sni.global.fastly.net,,,151.101.65.55
225,Aug  5 23:47:45 2024,,m.sni.global.fastly.net,,,151.101.1.55
226,Aug  5 23:47:45 2024,,m.sni.global.fastly.net,,,151.101.193.55
227,Aug  5 23:47:45 2024,,www.forbes.com,,,<CNAME>
228,Aug  5 23:47:45 2024,,m.sni.global.fastly.net,,,NODATA
229,Aug  5 23:47:45 2024,HTTPS,m.sni.global.fastly.net,192.168.3.223,,
230,Aug  5 23:47:45 2024,,m.sni.global.fastly.net,,8.8.8.8,
231,Aug  5 23:47:45 2024,,m.sni.global.fastly.net,,,NODATA
232,Aug  5 23:47:46 2024,HTTPS,www.googletagmanager.com,192.168.3.223,,
233,Aug  5 23:47:46 2024,,www.googletagmanager.com,,8.8.8.8,
234,Aug  5 23:47:46 2024,HTTPS,mktp-base.mktplatforms.com,192.168.3.223,,
235,Aug  5 23:47:46 2024,,mktp-base.mktplatforms.com,,8.8.8.8,
236,Aug  5 23:47:46 2024,A,mktp-base.mktplatforms.com,192.168.3.223,,
237,Aug  5 23:47:46 2024,,mktp-base.mktplatforms.com,,8.8.8.8,
238,Aug  5 23:47:46 2024,HTTPS,contextual.media.net,192.168.3.223,,
239,Aug  5 23:47:46 2024,,contextual.media.net,,8.8.8.8,
240,Aug  5 23:47:46 2024,A,contextual.media.net,192.168.3.223,,
241,Aug  5 23:47:46 2024,,contextual.media.net,,8.8.8.8,
242,Aug  5 23:47:46 2024,HTTPS,thumbor.forbes.com,192.168.3.223,,
243,Aug  5 23:47:46 2024,,thumbor.forbes.com,,8.8.8.8,
244,Aug  5 23:47:46 2024,A,thumbor.forbes.com,192.168.3.223,,
245,Aug  5 23:47:46 2024,,thumbor.forbes.com,,8.8.8.8,
246,Aug  5 23:47:46 2024,,contextual.media.net,,,NODATA
247,Aug  5 23:47:46 2024,,mktp-base.mktplatforms.com,,,NODATA
248,Aug  5 23:47:46 2024,,www.googletagmanager.com,,,NODATA
249,Aug  5 23:47:46 2024,,mktp-base.mktplatforms.com,,,108.138.246.66
250,Aug  5 23:47:46 2024,,mktp-base.mktplatforms.com,,,108.138.246.70
251,Aug  5 23:47:46 2024,,mktp-base.mktplatforms.com,,,108.138.246.128
252,Aug  5 23:47:46 2024,,mktp-base.mktplatforms.com,,,108.138.246.44
253,Aug  5 23:47:46 2024,,thumbor.forbes.com,,,<CNAME>
254,Aug  5 23:47:46 2024,,m.sni.global.fastly.net,,,151.101.193.55
255,Aug  5 23:47:46 2024,,m.sni.global.fastly.net,,,151.101.1.55
256,Aug  5 23:47:46 2024,,m.sni.global.fastly.net,,,151.101.65.55
257,Aug  5 23:47:46 2024,,m.sni.global.fastly.net,,,151.101.129.55
258,Aug  5 23:47:46 2024,,thumbor.forbes.com,,,<CNAME>
259,Aug  5 23:47:46 2024,,m.sni.global.fastly.net,,,NODATA
260,Aug  5 23:47:46 2024,,contextual.media.net,,,104.99.48.29
261,Aug  5 23:47:46 2024,HTTPS,hbx.media.net,192.168.3.223,,
262,Aug  5 23:47:46 2024,,hbx.media.net,,8.8.8.8,
263,Aug  5 23:47:46 2024,A,hbx.media.net,192.168.3.223,,
264,Aug  5 23:47:46 2024,,hbx.media.net,,8.8.8.8,
265,Aug  5 23:47:46 2024,A,i.forbesimg.com,192.168.3.223,,
266,Aug  5 23:47:46 2024,,i.forbesimg.com,,8.8.8.8,
267,Aug  5 23:47:46 2024,HTTPS,fonts.gstatic.com,192.168.3.223,,
268,Aug  5 23:47:46 2024,,fonts.gstatic.com,,8.8.8.8,
269,Aug  5 23:47:46 2024,HTTPS,fonts.googleapis.com,192.168.3.223,,
270,Aug  5 23:47:46 2024,,fonts.googleapis.com,,8.8.8.8,
271,Aug  5 23:47:46 2024,HTTPS,i.forbesimg.com,192.168.3.223,,
272,Aug  5 23:47:46 2024,,i.forbesimg.com,,8.8.8.8,
273,Aug  5 23:47:46 2024,HTTPS,www-alv.google-analytics.com,192.168.3.223,,
274,Aug  5 23:47:46 2024,,www-alv.google-analytics.com,,8.8.8.8,
275,Aug  5 23:47:46 2024,HTTPS,consent.trustarc.com,192.168.3.223,,
276,Aug  5 23:47:46 2024,,consent.trustarc.com,,8.8.8.8,
277,Aug  5 23:47:46 2024,A,consent.trustarc.com,192.168.3.223,,
278,Aug  5 23:47:46 2024,,consent.trustarc.com,,8.8.8.8,
279,Aug  5 23:47:46 2024,HTTPS,www.clarity.ms,192.168.3.223,,
280,Aug  5 23:47:46 2024,,www.clarity.ms,,8.8.8.8,
281,Aug  5 23:47:46 2024,A,www.clarity.ms,192.168.3.223,,
282,Aug  5 23:47:46 2024,,www.clarity.ms,,8.8.8.8,
283,Aug  5 23:47:46 2024,HTTPS,bat.bing.com,192.168.3.223,,
284,Aug  5 23:47:46 2024,,bat.bing.com,,8.8.8.8,
285,Aug  5 23:47:46 2024,A,bat.bing.com,192.168.3.223,,
286,Aug  5 23:47:46 2024,,bat.bing.com,,8.8.8.8,
287,Aug  5 23:47:46 2024,A,global.px.quantserve.com,192.168.3.223,,
288,Aug  5 23:47:46 2024,,global.px.quantserve.com,,8.8.8.8,
289,Aug  5 23:47:46 2024,,hbx.media.net,,,NODATA
290,Aug  5 23:47:46 2024,,bat.bing.com,,,<CNAME>
291,Aug  5 23:47:46 2024,,bat-bing-com.dual-a-0034.a-msedge.net,,,<CNAME>
292,Aug  5 23:47:46 2024,,dual-a-0034.a-msedge.net,,,NODATA
293,Aug  5 23:47:46 2024,,bat.bing.com,,,<CNAME>
294,Aug  5 23:47:46 2024,,bat-bing-com.dual-a-0034.a-msedge.net,,,<CNAME>
295,Aug  5 23:47:46 2024,,dual-a-0034.a-msedge.net,,,204.79.197.237
296,Aug  5 23:47:46 2024,,dual-a-0034.a-msedge.net,,,13.107.21.237
297,Aug  5 23:47:46 2024,,fonts.googleapis.com,,,NODATA
298,Aug  5 23:47:46 2024,,www-alv.google-analytics.com,,,NODATA
299,Aug  5 23:47:46 2024,,consent.trustarc.com,,,NODATA
300,Aug  5 23:47:46 2024,,i.forbesimg.com,,,<CNAME>
301,Aug  5 23:47:46 2024,,m.sni.global.fastly.net,,,151.101.1.55
302,Aug  5 23:47:46 2024,,m.sni.global.fastly.net,,,151.101.129.55
303,Aug  5 23:47:46 2024,,m.sni.global.fastly.net,,,151.101.65.55
304,Aug  5 23:47:46 2024,,m.sni.global.fastly.net,,,151.101.193.55
305,Aug  5 23:47:46 2024,,hbx.media.net,,,104.108.64.28
306,Aug  5 23:47:46 2024,,i.forbesimg.com,,,<CNAME>
307,Aug  5 23:47:46 2024,,m.sni.global.fastly.net,,,NODATA
308,Aug  5 23:47:46 2024,HTTPS,dual-a-0034.a-msedge.net,192.168.3.223,,
309,Aug  5 23:47:46 2024,,dual-a-0034.a-msedge.net,,8.8.8.8,
310,Aug  5 23:47:46 2024,,fonts.gstatic.com,,,NODATA
311,Aug  5 23:47:46 2024,,global.px.quantserve.com,,,192.184.67.70
312,Aug  5 23:47:46 2024,,global.px.quantserve.com,,,192.184.67.40
313,Aug  5 23:47:46 2024,,global.px.quantserve.com,,,192.184.67.143
314,Aug  5 23:47:46 2024,,www.clarity.ms,,,<CNAME>
315,Aug  5 23:47:46 2024,,clarity.azurefd.net,,,<CNAME>
316,Aug  5 23:47:46 2024,,azurefd-t-prod.trafficmanager.net,,,<CNAME>
317,Aug  5 23:47:46 2024,,shed.dual-low.s-part-0041.t-0009.t-msedge.net,,,<CNAME>
318,Aug  5 23:47:46 2024,,s-part-0041.t-0009.t-msedge.net,,,13.107.246.69
319,Aug  5 23:47:46 2024,,consent.trustarc.com,,,99.84.238.192
320,Aug  5 23:47:46 2024,,consent.trustarc.com,,,99.84.238.186
321,Aug  5 23:47:46 2024,,consent.trustarc.com,,,99.84.238.146
322,Aug  5 23:47:46 2024,,consent.trustarc.com,,,99.84.238.179
323,Aug  5 23:47:46 2024,,www.clarity.ms,,,<CNAME>
324,Aug  5 23:47:46 2024,,clarity.azurefd.net,,,<CNAME>
325,Aug  5 23:47:46 2024,,azurefd-t-prod.trafficmanager.net,,,<CNAME>
326,Aug  5 23:47:46 2024,,shed.dual-low.s-part-0041.t-0009.t-msedge.net,,,<CNAME>
327,Aug  5 23:47:46 2024,,s-part-0041.t-0009.t-msedge.net,,,NODATA
328,Aug  5 23:47:46 2024,,dual-a-0034.a-msedge.net,,,NODATA
329,Aug  5 23:47:46 2024,HTTPS,s-part-0041.t-0009.t-msedge.net,192.168.3.223,,
330,Aug  5 23:47:46 2024,,s-part-0041.t-0009.t-msedge.net,,8.8.8.8,
331,Aug  5 23:47:46 2024,,s-part-0041.t-0009.t-msedge.net,,,NODATA
332,Aug  5 23:47:47 2024,HTTPS,lgforbes.akamaized.net,192.168.3.223,,
333,Aug  5 23:47:47 2024,,lgforbes.akamaized.net,,8.8.8.8,
334,Aug  5 23:47:47 2024,A,lgforbes.akamaized.net,192.168.3.223,,
335,Aug  5 23:47:47 2024,,lgforbes.akamaized.net,,8.8.8.8,
336,Aug  5 23:47:47 2024,,lgforbes.akamaized.net,,,<CNAME>
337,Aug  5 23:47:47 2024,,a1874.d.akamai.net,,,NODATA
338,Aug  5 23:47:47 2024,HTTPS,a1874.d.akamai.net,192.168.3.223,,
339,Aug  5 23:47:47 2024,,a1874.d.akamai.net,,8.8.8.8,
340,Aug  5 23:47:47 2024,,lgforbes.akamaized.net,,,<CNAME>
341,Aug  5 23:47:47 2024,,a1874.d.akamai.net,,,23.62.46.120
342,Aug  5 23:47:47 2024,,a1874.d.akamai.net,,,23.62.46.116
343,Aug  5 23:47:47 2024,,a1874.d.akamai.net,,,NODATA
344,Aug  5 23:47:47 2024,HTTPS,hbxlp.media.net,192.168.3.223,,
345,Aug  5 23:47:47 2024,,hbxlp.media.net,,8.8.8.8,
346,Aug  5 23:47:47 2024,A,hbxlp.media.net,192.168.3.223,,
347,Aug  5 23:47:47 2024,,hbxlp.media.net,,8.8.8.8,
348,Aug  5 23:47:47 2024,,hbxlp.media.net,,,34.160.55.127
349,Aug  5 23:47:47 2024,,hbxlp.media.net,,,NODATA
350,Aug  5 23:47:48 2024,A,www.google.com,192.168.3.223,,
351,Aug  5 23:47:48 2024,,www.google.com,,8.8.8.8,
352,Aug  5 23:47:48 2024,A,sb.scorecardresearch.com,192.168.3.223,,
353,Aug  5 23:47:48 2024,,sb.scorecardresearch.com,,8.8.8.8,
354,Aug  5 23:47:48 2024,,www.google.com,,,142.251.32.36
355,Aug  5 23:47:48 2024,,sb.scorecardresearch.com,,,18.155.192.84
356,Aug  5 23:47:48 2024,,sb.scorecardresearch.com,,,18.155.192.106
357,Aug  5 23:47:48 2024,,sb.scorecardresearch.com,,,18.155.192.47
358,Aug  5 23:47:48 2024,,sb.scorecardresearch.com,,,18.155.192.33
359,Aug  5 23:47:48 2024,A,a.myfidevs.io,192.168.3.223,,
360,Aug  5 23:47:48 2024,,a.myfidevs.io,,8.8.8.8,
361,Aug  5 23:47:48 2024,,a.myfidevs.io,,,34.204.28.255
362,Aug  5 23:47:48 2024,,a.myfidevs.io,,,3.93.105.178
363,Aug  5 23:47:48 2024,,a.myfidevs.io,,,107.22.98.162
364,Aug  5 23:47:48 2024,,a.myfidevs.io,,,52.203.204.232
365,Aug  5 23:47:48 2024,HTTPS,d2fashanjl7d9f.cloudfront.net,192.168.3.223,,
366,Aug  5 23:47:48 2024,,d2fashanjl7d9f.cloudfront.net,,8.8.8.8,
367,Aug  5 23:47:48 2024,A,d2fashanjl7d9f.cloudfront.net,192.168.3.223,,
368,Aug  5 23:47:48 2024,,d2fashanjl7d9f.cloudfront.net,,8.8.8.8,
369,Aug  5 23:47:48 2024,,d2fashanjl7d9f.cloudfront.net,,,NODATA
370,Aug  5 23:47:48 2024,,d2fashanjl7d9f.cloudfront.net,,,18.239.199.124
371,Aug  5 23:47:48 2024,,d2fashanjl7d9f.cloudfront.net,,,18.239.199.88
372,Aug  5 23:47:48 2024,,d2fashanjl7d9f.cloudfront.net,,,18.239.199.21
373,Aug  5 23:47:48 2024,,d2fashanjl7d9f.cloudfront.net,,,18.239.199.125
374,Aug  5 23:47:48 2024,HTTPS,hblg.media.net,192.168.3.223,,
375,Aug  5 23:47:48 2024,,hblg.media.net,,8.8.8.8,
376,Aug  5 23:47:48 2024,A,hblg.media.net,192.168.3.223,,
377,Aug  5 23:47:48 2024,,hblg.media.net,,8.8.8.8,
378,Aug  5 23:47:48 2024,,hblg.media.net,,,NODATA
379,Aug  5 23:47:48 2024,,hblg.media.net,,,104.108.64.28
380,Aug  5 23:47:48 2024,HTTPS,xch.media.net,192.168.3.223,,
381,Aug  5 23:47:48 2024,,xch.media.net,,8.8.8.8,
382,Aug  5 23:47:48 2024,A,xch.media.net,192.168.3.223,,
383,Aug  5 23:47:48 2024,,xch.media.net,,8.8.8.8,
384,Aug  5 23:47:48 2024,HTTPS,prreqcroab.icu,192.168.3.223,,
385,Aug  5 23:47:48 2024,,prreqcroab.icu,,8.8.8.8,
386,Aug  5 23:47:48 2024,A,prreqcroab.icu,192.168.3.223,,
387,Aug  5 23:47:48 2024,,prreqcroab.icu,,8.8.8.8,
388,Aug  5 23:47:48 2024,,prreqcroab.icu,,,NODATA
389,Aug  5 23:47:48 2024,,xch.media.net,,,34.107.136.65
390,Aug  5 23:47:48 2024,,xch.media.net,,,NODATA
391,Aug  5 23:47:48 2024,,prreqcroab.icu,,,108.138.246.76
392,Aug  5 23:47:48 2024,,prreqcroab.icu,,,108.138.246.87
393,Aug  5 23:47:48 2024,,prreqcroab.icu,,,108.138.246.28
394,Aug  5 23:47:48 2024,,prreqcroab.icu,,,108.138.246.120
395,Aug  5 23:47:48 2024,HTTPS,q.clarity.ms,192.168.3.223,,
396,Aug  5 23:47:48 2024,,q.clarity.ms,,8.8.8.8,
397,Aug  5 23:47:48 2024,A,q.clarity.ms,192.168.3.223,,
398,Aug  5 23:47:48 2024,,q.clarity.ms,,8.8.8.8,
399,Aug  5 23:47:48 2024,,q.clarity.ms,,,<CNAME>
400,Aug  5 23:47:48 2024,,clarity-ingest-eus-b-sc.eastus.cloudapp.azure.com,,,NODATA
401,Aug  5 23:47:48 2024,HTTPS,clarity-ingest-eus-b-sc.eastus.cloudapp.azure.com,192.168.3.223,,
402,Aug  5 23:47:48 2024,,clarity-ingest-eus-b-sc.eastus.cloudapp.azure.com,,8.8.8.8,
403,Aug  5 23:47:48 2024,,q.clarity.ms,,,<CNAME>
404,Aug  5 23:47:48 2024,,clarity-ingest-eus-b-sc.eastus.cloudapp.azure.com,,,20.231.53.73
405,Aug  5 23:47:48 2024,,clarity-ingest-eus-b-sc.eastus.cloudapp.azure.com,,,NODATA
406,Aug  5 23:47:48 2024,HTTPS,c243941acc719befd685b9ab183a283a.safeframe.googlesyndication.com,192.168.3.223,,
407,Aug  5 23:47:48 2024,,c243941acc719befd685b9ab183a283a.safeframe.googlesyndication.com,,8.8.8.8,
408,Aug  5 23:47:48 2024,,c243941acc719befd685b9ab183a283a.safeframe.googlesyndication.com,,8.8.4.4,
409,Aug  5 23:47:48 2024,,c243941acc719befd685b9ab183a283a.safeframe.googlesyndication.com,,8.8.8.8,
410,Aug  5 23:47:48 2024,,c243941acc719befd685b9ab183a283a.safeframe.googlesyndication.com,,8.8.4.4,
411,Aug  5 23:47:48 2024,,c243941acc719befd685b9ab183a283a.safeframe.googlesyndication.com,,8.8.8.8,
412,Aug  5 23:47:48 2024,,c243941acc719befd685b9ab183a283a.safeframe.googlesyndication.com,,8.8.4.4,
413,Aug  5 23:47:48 2024,A,c243941acc719befd685b9ab183a283a.safeframe.googlesyndication.com,192.168.3.223,,
414,Aug  5 23:47:48 2024,,c243941acc719befd685b9ab183a283a.safeframe.googlesyndication.com,,8.8.8.8,
415,Aug  5 23:47:48 2024,,c243941acc719befd685b9ab183a283a.safeframe.googlesyndication.com,,,<CNAME>
416,Aug  5 23:47:48 2024,,pagead-googlehosted.l.google.com,,,NODATA
417,Aug  5 23:47:48 2024,HTTPS,pagead-googlehosted.l.google.com,192.168.3.223,,
418,Aug  5 23:47:48 2024,,pagead-googlehosted.l.google.com,,8.8.8.8,
419,Aug  5 23:47:48 2024,,c243941acc719befd685b9ab183a283a.safeframe.googlesyndication.com,,,<CNAME>
420,Aug  5 23:47:48 2024,,pagead-googlehosted.l.google.com,,,142.251.46.161
421,Aug  5 23:47:48 2024,,pagead-googlehosted.l.google.com,,,NODATA
422,Aug  5 23:47:49 2024,HTTPS,c.clarity.ms,192.168.3.223,,
423,Aug  5 23:47:49 2024,,c.clarity.ms,,8.8.8.8,
424,Aug  5 23:47:49 2024,A,c.clarity.ms,192.168.3.223,,
425,Aug  5 23:47:49 2024,,c.clarity.ms,,8.8.8.8,
426,Aug  5 23:47:49 2024,,c.clarity.ms,,,<CNAME>
427,Aug  5 23:47:49 2024,,c.msn.com,,,<CNAME>
428,Aug  5 23:47:49 2024,,c-msn-com-nsatc.trafficmanager.net,,,NODATA
429,Aug  5 23:47:49 2024,HTTPS,c-msn-com-nsatc.trafficmanager.net,192.168.3.223,,
430,Aug  5 23:47:49 2024,,c-msn-com-nsatc.trafficmanager.net,,8.8.8.8,
431,Aug  5 23:47:49 2024,,c.clarity.ms,,,<CNAME>
432,Aug  5 23:47:49 2024,,c.msn.com,,,<CNAME>
433,Aug  5 23:47:49 2024,,c-msn-com-nsatc.trafficmanager.net,,,20.125.62.241
434,Aug  5 23:47:49 2024,,c-msn-com-nsatc.trafficmanager.net,,,NODATA
435,Aug  5 23:47:49 2024,A,e13136.g.akamaiedge.net,192.168.3.223,,
436,Aug  5 23:47:49 2024,,e13136.g.akamaiedge.net,,8.8.8.8,
437,Aug  5 23:47:49 2024,HTTPS,pixel.quantserve.com,192.168.3.223,,
438,Aug  5 23:47:49 2024,,pixel.quantserve.com,,8.8.8.8,
439,Aug  5 23:47:49 2024,A,pixel.quantserve.com,192.168.3.223,,
440,Aug  5 23:47:49 2024,,pixel.quantserve.com,,8.8.8.8,
441,Aug  5 23:47:49 2024,,pixel.quantserve.com,,,<CNAME>
442,Aug  5 23:47:49 2024,,global.px.quantserve.com,,,NODATA
443,Aug  5 23:47:49 2024,,e13136.g.akamaiedge.net,,,23.44.74.32
444,Aug  5 23:47:49 2024,,pixel.quantserve.com,,,<CNAME>
445,Aug  5 23:47:49 2024,,global.px.quantserve.com,,,192.184.67.70
446,Aug  5 23:47:49 2024,,global.px.quantserve.com,,,192.184.67.40
447,Aug  5 23:47:49 2024,,global.px.quantserve.com,,,192.184.67.143
448,Aug  5 23:47:49 2024,HTTPS,c-bing-com.dual-a-0034.a-msedge.net,192.168.3.223,,
449,Aug  5 23:47:49 2024,,c-bing-com.dual-a-0034.a-msedge.net,,8.8.8.8,
450,Aug  5 23:47:49 2024,A,c-bing-com.dual-a-0034.a-msedge.net,192.168.3.223,,
451,Aug  5 23:47:49 2024,,c-bing-com.dual-a-0034.a-msedge.net,,8.8.8.8,
452,Aug  5 23:47:49 2024,,c-bing-com.dual-a-0034.a-msedge.net,,,NODATA
453,Aug  5 23:47:49 2024,,c-bing-com.dual-a-0034.a-msedge.net,,,<CNAME>
454,Aug  5 23:47:49 2024,,dual-a-0034.a-msedge.net,,,204.79.197.237
455,Aug  5 23:47:49 2024,,dual-a-0034.a-msedge.net,,,13.107.21.237
456,Aug  5 23:47:49 2024,HTTPS,cdn-content.ampproject.org,192.168.3.223,,
457,Aug  5 23:47:49 2024,,cdn-content.ampproject.org,,8.8.8.8,
458,Aug  5 23:47:49 2024,HTTPS,cdn.doubleverify.com,192.168.3.223,,
459,Aug  5 23:47:49 2024,,cdn.doubleverify.com,,8.8.8.8,
460,Aug  5 23:47:49 2024,A,cdn.doubleverify.com,192.168.3.223,,
461,Aug  5 23:47:49 2024,,cdn.doubleverify.com,,8.8.8.8,
462,Aug  5 23:47:49 2024,,cdn.doubleverify.com,,,<CNAME>
463,Aug  5 23:47:49 2024,,cdn.doubleverify.com.edgesuite.net,,,<CNAME>
464,Aug  5 23:47:49 2024,,a1241.dsct.akamai.net,,,NODATA
465,Aug  5 23:47:49 2024,,cdn-content.ampproject.org,,,NODATA
466,Aug  5 23:47:49 2024,,cdn.doubleverify.com,,,<CNAME>
467,Aug  5 23:47:49 2024,,cdn.doubleverify.com.edgesuite.net,,,<CNAME>
468,Aug  5 23:47:49 2024,,a1241.dsct.akamai.net,,,23.192.228.85
469,Aug  5 23:47:49 2024,,a1241.dsct.akamai.net,,,23.192.228.73
470,Aug  5 23:47:49 2024,HTTPS,px.moatads.com,192.168.3.223,,
471,Aug  5 23:47:49 2024,,px.moatads.com,,8.8.8.8,
472,Aug  5 23:47:49 2024,A,px.moatads.com,192.168.3.223,,
473,Aug  5 23:47:49 2024,,px.moatads.com,,8.8.8.8,
474,Aug  5 23:47:49 2024,,px.moatads.com,,,<CNAME>
475,Aug  5 23:47:49 2024,,wildcard.moatads.com.edgekey.net,,,<CNAME>
476,Aug  5 23:47:49 2024,,e13136.g.akamaiedge.net,,,NODATA
477,Aug  5 23:47:49 2024,,px.moatads.com,,,<CNAME>
478,Aug  5 23:47:49 2024,,wildcard.moatads.com.edgekey.net,,,<CNAME>
479,Aug  5 23:47:49 2024,,e13136.g.akamaiedge.net,,,23.44.74.32
480,Aug  5 23:47:49 2024,HTTPS,rtb0.doubleverify.com,192.168.3.223,,
481,Aug  5 23:47:49 2024,,rtb0.doubleverify.com,,8.8.8.8,
482,Aug  5 23:47:49 2024,A,rtb0.doubleverify.com,192.168.3.223,,
483,Aug  5 23:47:49 2024,,rtb0.doubleverify.com,,8.8.8.8,
484,Aug  5 23:47:49 2024,,rtb0.doubleverify.com,,,<CNAME>
485,Aug  5 23:47:49 2024,,bs-geo.dvgtm.akadns.net,,,<CNAME>
486,Aug  5 23:47:49 2024,,bs-wlb-uswest.dvgtm.akadns.net,,,<CNAME>
487,Aug  5 23:47:49 2024,,rtbc-uw1.doubleverify.com,,,35.201.101.243
488,Aug  5 23:47:49 2024,,rtb0.doubleverify.com,,,<CNAME>
489,Aug  5 23:47:49 2024,,bs-geo.dvgtm.akadns.net,,,<CNAME>
490,Aug  5 23:47:49 2024,,bs-wlb-uswest.dvgtm.akadns.net,,,<CNAME>
491,Aug  5 23:47:49 2024,,rtbc-uw1.doubleverify.com,,,NODATA
492,Aug  5 23:47:49 2024,HTTPS,rtbc-uw1.doubleverify.com,192.168.3.223,,
493,Aug  5 23:47:49 2024,,rtbc-uw1.doubleverify.com,,8.8.8.8,
494,Aug  5 23:47:49 2024,,rtbc-uw1.doubleverify.com,,,NODATA
495,Aug  5 23:47:50 2024,HTTPS,s0.2mdn.net,192.168.3.223,,
496,Aug  5 23:47:50 2024,,s0.2mdn.net,,8.8.8.8,
497,Aug  5 23:47:50 2024,HTTPS,googleads4.g.doubleclick.net,192.168.3.223,,
498,Aug  5 23:47:50 2024,,googleads4.g.doubleclick.net,,8.8.8.8,
499,Aug  5 23:47:50 2024,,s0.2mdn.net,,,NODATA
500,Aug  5 23:47:50 2024,,googleads4.g.doubleclick.net,,,NODATA
501,Aug  5 23:47:50 2024,HTTPS,tps.doubleverify.com,192.168.3.223,,
502,Aug  5 23:47:50 2024,,tps.doubleverify.com,,8.8.8.8,
503,Aug  5 23:47:50 2024,A,tps.doubleverify.com,192.168.3.223,,
504,Aug  5 23:47:50 2024,,tps.doubleverify.com,,8.8.8.8,
505,Aug  5 23:47:50 2024,,tps.doubleverify.com,,,<CNAME>
506,Aug  5 23:47:50 2024,,tps-geo.dvgtm.akadns.net,,,<CNAME>
507,Aug  5 23:47:50 2024,,tps-wlb-uswest.dvgtm.akadns.net,,,<CNAME>
508,Aug  5 23:47:50 2024,,tpsc-uw1.doubleverify.com,,,NODATA
509,Aug  5 23:47:50 2024,,tps.doubleverify.com,,,<CNAME>
510,Aug  5 23:47:50 2024,,tps-geo.dvgtm.akadns.net,,,<CNAME>
511,Aug  5 23:47:50 2024,,tps-wlb-uswest.dvgtm.akadns.net,,,<CNAME>
512,Aug  5 23:47:50 2024,,tpsc-uw1.doubleverify.com,,,35.201.101.243
513,Aug  5 23:47:54 2024,HTTPS,gateway.fe2.apple-dns.net,192.168.3.223,,
514,Aug  5 23:47:54 2024,,gateway.fe2.apple-dns.net,,8.8.8.8,
515,Aug  5 23:47:54 2024,,gateway.fe2.apple-dns.net,,,NODATA
516,Aug  5 23:47:57 2024,A,api16-normal-useast5.tiktokv.us,192.168.3.114,,
517,Aug  5 23:47:57 2024,,api16-normal-useast5.tiktokv.us,,8.8.8.8,
518,Aug  5 23:47:57 2024,,api16-normal-useast5.tiktokv.us,,,<CNAME>
519,Aug  5 23:47:57 2024,,api16-normal-useast5.tiktokv.us.edgesuite.net,,,<CNAME>
520,Aug  5 23:47:57 2024,,ttp-api16-tiktok-com-apix.bytewlb.akadns.net,,,<CNAME>
521,Aug  5 23:47:57 2024,,a2047.w181.akamai.net,,,96.16.55.83
522,Aug  5 23:47:57 2024,,a2047.w181.akamai.net,,,96.16.55.96
523,Aug  5 23:47:57 2024,,a2047.w181.akamai.net,,,96.16.55.90
524,Aug  5 23:47:57 2024,,a2047.w181.akamai.net,,,96.16.55.82
525,Aug  5 23:47:57 2024,,a2047.w181.akamai.net,,,96.16.55.76
526,Aug  5 23:47:57 2024,,a2047.w181.akamai.net,,,96.16.55.84
527,Aug  5 23:47:57 2024,,a2047.w181.akamai.net,,,96.16.55.102
528,Aug  5 23:47:57 2024,,a2047.w181.akamai.net,,,96.16.55.85
529,Aug  5 23:47:57 2024,,a2047.w181.akamai.net,,,96.16.55.70
530,Aug  5 23:47:57 2024,A,p16-sg.tiktokcdn.com,192.168.3.114,,
531,Aug  5 23:47:57 2024,,p16-sg.tiktokcdn.com,,8.8.8.8,
532,Aug  5 23:47:57 2024,,p16-sg.tiktokcdn.com,,,<CNAME>
533,Aug  5 23:47:57 2024,,p16-sg.tiktokcdn.com.akamaized.net,,,<CNAME>
534,Aug  5 23:47:57 2024,,a2047.mm2.akamai.net,,,23.62.46.213
535,Aug  5 23:47:57 2024,,a2047.mm2.akamai.net,,,23.62.46.209
536,Aug  5 23:47:57 2024,,a2047.mm2.akamai.net,,,23.62.46.202
537,Aug  5 23:47:57 2024,,a2047.mm2.akamai.net,,,23.62.46.203
538,Aug  5 23:47:57 2024,,a2047.mm2.akamai.net,,,23.62.46.219
539,Aug  5 23:47:57 2024,,a2047.mm2.akamai.net,,,23.62.46.206
540,Aug  5 23:47:57 2024,,a2047.mm2.akamai.net,,,23.62.46.198
541,Aug  5 23:47:57 2024,,a2047.mm2.akamai.net,,,23.62.46.216
542,Aug  5 23:47:57 2024,,a2047.mm2.akamai.net,,,23.62.46.208
543,Aug  5 23:48:11 2024,A,vast.doubleverify.com,192.168.3.114,,
544,Aug  5 23:48:11 2024,,vast.doubleverify.com,,8.8.8.8,
545,Aug  5 23:48:11 2024,,vast.doubleverify.com,,8.8.4.4,
546,Aug  5 23:48:11 2024,,vast.doubleverify.com,,8.8.8.8,
547,Aug  5 23:48:11 2024,,vast.doubleverify.com,,8.8.4.4,
548,Aug  5 23:48:11 2024,,vast.doubleverify.com,,8.8.8.8,
549,Aug  5 23:48:11 2024,,vast.doubleverify.com,,8.8.4.4,
550,Aug  5 23:48:11 2024,A,video.us.bytedance.map.fastly.net,192.168.3.114,,
551,Aug  5 23:48:11 2024,,video.us.bytedance.map.fastly.net,,8.8.8.8,
552,Aug  5 23:48:11 2024,,video.us.bytedance.map.fastly.net,,,146.75.94.73
553,Aug  5 23:48:11 2024,,vast.doubleverify.com,,,<CNAME>
554,Aug  5 23:48:11 2024,,cust-dv.zentrick.com,,,<CNAME>
555,Aug  5 23:48:11 2024,,cf.vast.doubleverify.com,,,<CNAME>
556,Aug  5 23:48:11 2024,,cf.vast.doubleverify.com.cdn.cloudflare.net,,,104.18.36.54
557,Aug  5 23:48:11 2024,,cf.vast.doubleverify.com.cdn.cloudflare.net,,,172.64.151.202
558,Aug  5 23:48:11 2024,A,sf16-muse-va.ibytedtos.com,192.168.3.114,,
559,Aug  5 23:48:11 2024,,sf16-muse-va.ibytedtos.com,,8.8.8.8,
560,Aug  5 23:48:11 2024,,sf16-muse-va.ibytedtos.com,,,<CNAME>
561,Aug  5 23:48:11 2024,,sf16-muse-va.ibytedtos.com.edgesuite.net,,,<CNAME>
562,Aug  5 23:48:11 2024,,a1939.dscb.akamai.net,,,23.67.33.139
563,Aug  5 23:48:11 2024,,a1939.dscb.akamai.net,,,23.67.33.133
564,Aug  5 23:48:14 2024,A,clarity-ingest-eus-b-sc.eastus.cloudapp.azure.com,192.168.3.223,,
565,Aug  5 23:48:14 2024,,clarity-ingest-eus-b-sc.eastus.cloudapp.azure.com,,8.8.8.8,
566,Aug  5 23:48:14 2024,,clarity-ingest-eus-b-sc.eastus.cloudapp.azure.com,,,20.231.53.73
567,Aug  5 23:48:17 2024,A,p16-sign-useast2a.tiktokcdn.com,192.168.3.114,,
568,Aug  5 23:48:17 2024,,p16-sign-useast2a.tiktokcdn.com,,8.8.8.8,
569,Aug  5 23:48:17 2024,,p16-sign-useast2a.tiktokcdn.com,,,<CNAME>
570,Aug  5 23:48:17 2024,,p16-sign-useast2a.tiktokcdn.com.akamaized.net,,,<CNAME>
571,Aug  5 23:48:17 2024,,a2047.mm2.akamai.net,,,23.62.46.202
572,Aug  5 23:48:17 2024,,a2047.mm2.akamai.net,,,23.62.46.196
573,Aug  5 23:48:17 2024,,a2047.mm2.akamai.net,,,23.62.46.207
574,Aug  5 23:48:17 2024,,a2047.mm2.akamai.net,,,23.62.46.211
575,Aug  5 23:48:17 2024,,a2047.mm2.akamai.net,,,23.62.46.204
576,Aug  5 23:48:17 2024,,a2047.mm2.akamai.net,,,23.62.46.200
577,Aug  5 23:48:17 2024,,a2047.mm2.akamai.net,,,23.62.46.215
578,Aug  5 23:48:17 2024,,a2047.mm2.akamai.net,,,23.62.46.205
579,Aug  5 23:48:17 2024,,a2047.mm2.akamai.net,,,23.62.46.217
580,Aug  5 23:48:18 2024,A,p19-sign.tiktokcdn-us.com,192.168.3.114,,
581,Aug  5 23:48:18 2024,,p19-sign.tiktokcdn-us.com,,8.8.8.8,
582,Aug  5 23:48:18 2024,,p19-sign.tiktokcdn-us.com,,,<CNAME>
583,Aug  5 23:48:18 2024,,us.bytedance.map.fastly.net,,,146.75.94.73
584,Aug  5 23:48:22 2024,HTTPS,images.myfinance.com,192.168.3.223,,
585,Aug  5 23:48:22 2024,,images.myfinance.com,,8.8.8.8,
586,Aug  5 23:48:22 2024,A,images.myfinance.com,192.168.3.223,,
587,Aug  5 23:48:22 2024,,images.myfinance.com,,8.8.8.8,
588,Aug  5 23:48:22 2024,,images.myfinance.com,,,<HTTPS>
589,Aug  5 23:48:22 2024,,images.myfinance.com,,,172.67.156.152
590,Aug  5 23:48:22 2024,,images.myfinance.com,,,104.21.8.7
591,Aug  5 23:48:29 2024,HTTPS,www.gstatic.com,192.168.3.223,,
592,Aug  5 23:48:29 2024,,www.gstatic.com,,8.8.8.8,
593,Aug  5 23:48:29 2024,A,www.gstatic.com,192.168.3.223,,
594,Aug  5 23:48:29 2024,,www.gstatic.com,,8.8.8.8,
595,Aug  5 23:48:29 2024,,www.gstatic.com,,,142.251.214.131
596,Aug  5 23:48:29 2024,,www.gstatic.com,,,NODATA
597,Aug  5 23:48:37 2024,A,a2047.w181.akamai.net,192.168.3.114,,
598,Aug  5 23:48:37 2024,,a2047.w181.akamai.net,,8.8.8.8,
599,Aug  5 23:48:37 2024,,a2047.w181.akamai.net,,8.8.4.4,
600,Aug  5 23:48:37 2024,,a2047.w181.akamai.net,,8.8.8.8,
601,Aug  5 23:48:37 2024,,a2047.w181.akamai.net,,8.8.4.4,
602,Aug  5 23:48:37 2024,,a2047.w181.akamai.net,,8.8.8.8,
603,Aug  5 23:48:37 2024,,a2047.w181.akamai.net,,8.8.4.4,
604,Aug  5 23:48:37 2024,,a2047.w181.akamai.net,,,96.16.55.94
605,Aug  5 23:48:37 2024,,a2047.w181.akamai.net,,,96.16.55.89
606,Aug  5 23:48:37 2024,,a2047.w181.akamai.net,,,96.16.55.105
607,Aug  5 23:48:37 2024,,a2047.w181.akamai.net,,,96.16.55.93
608,Aug  5 23:48:37 2024,,a2047.w181.akamai.net,,,96.16.55.71
609,Aug  5 23:48:37 2024,,a2047.w181.akamai.net,,,96.16.55.69
610,Aug  5 23:48:37 2024,,a2047.w181.akamai.net,,,96.16.55.77
611,Aug  5 23:48:37 2024,,a2047.w181.akamai.net,,,96.16.55.107
612,Aug  5 23:48:37 2024,,a2047.w181.akamai.net,,,96.16.55.79
613,Aug  5 23:48:39 2024,HTTPS,gum.da1.vip.prod.criteo.com,192.168.3.223,,
614,Aug  5 23:48:39 2024,,gum.da1.vip.prod.criteo.com,,8.8.8.8,
615,Aug  5 23:48:39 2024,HTTPS,logs.browser-intake-datadoghq.com,192.168.3.223,,
616,Aug  5 23:48:39 2024,,logs.browser-intake-datadoghq.com,,8.8.8.8,
617,Aug  5 23:48:39 2024,A,logs.browser-intake-datadoghq.com,192.168.3.223,,
618,Aug  5 23:48:39 2024,,logs.browser-intake-datadoghq.com,,8.8.8.8,
619,Aug  5 23:48:39 2024,,gum.da1.vip.prod.criteo.com,,,NODATA
620,Aug  5 23:48:39 2024,,logs.browser-intake-datadoghq.com,,,<CNAME>
621,Aug  5 23:48:39 2024,,l4-logs-http-browser-pub-s0-e2bce5ba2ff871a5.elb.us-east-1.amazonaws.com,,,NODATA
622,Aug  5 23:48:39 2024,HTTPS,l4-logs-http-browser-pub-s0-e2bce5ba2ff871a5.elb.us-east-1.amazonaws.com,192.168.3.223,,
623,Aug  5 23:48:39 2024,,l4-logs-http-browser-pub-s0-e2bce5ba2ff871a5.elb.us-east-1.amazonaws.com,,8.8.8.8,
624,Aug  5 23:48:39 2024,,logs.browser-intake-datadoghq.com,,,<CNAME>
625,Aug  5 23:48:39 2024,,l4-logs-http-browser-pub-s0-e2bce5ba2ff871a5.elb.us-east-1.amazonaws.com,,,3.233.158.25
626,Aug  5 23:48:39 2024,,l4-logs-http-browser-pub-s0-e2bce5ba2ff871a5.elb.us-east-1.amazonaws.com,,,3.233.158.24
627,Aug  5 23:48:39 2024,,l4-logs-http-browser-pub-s0-e2bce5ba2ff871a5.elb.us-east-1.amazonaws.com,,,3.233.158.26
628,Aug  5 23:48:39 2024,,l4-logs-http-browser-pub-s0-e2bce5ba2ff871a5.elb.us-east-1.amazonaws.com,,,NODATA
629,Aug  5 23:48:43 2024,A,tpsc-uw1.doubleverify.com,192.168.3.223,,
630,Aug  5 23:48:43 2024,,tpsc-uw1.doubleverify.com,,8.8.8.8,
631,Aug  5 23:48:43 2024,,tpsc-uw1.doubleverify.com,,,35.201.101.243
632,Aug  5 23:48:50 2024,HTTPS,ab.chatgpt.com,192.168.3.223,,
633,Aug  5 23:48:50 2024,,ab.chatgpt.com,,8.8.8.8,
634,Aug  5 23:48:50 2024,A,ab.chatgpt.com,192.168.3.223,,
635,Aug  5 23:48:50 2024,,ab.chatgpt.com,,8.8.8.8,
636,Aug  5 23:48:50 2024,,ab.chatgpt.com,,,<HTTPS>
637,Aug  5 23:48:50 2024,,ab.chatgpt.com,,,104.18.30.2
638,Aug  5 23:48:50 2024,,ab.chatgpt.com,,,104.18.31.2
639,Aug  5 23:48:55 2024,HTTPS,chatgpt.com,192.168.3.223,,
640,Aug  5 23:48:55 2024,,chatgpt.com,,8.8.8.8,
641,Aug  5 23:48:55 2024,A,chatgpt.com,192.168.3.223,,
642,Aug  5 23:48:55 2024,,chatgpt.com,,8.8.8.8,
643,Aug  5 23:48:55 2024,,chatgpt.com,,,<HTTPS>
644,Aug  5 23:48:55 2024,,chatgpt.com,,,104.18.31.2
645,Aug  5 23:48:55 2024,,chatgpt.com,,,104.18.30.2
646,Aug  5 23:49:00 2024,HTTPS,ping.chartbeat.net,192.168.3.223,,
647,Aug  5 23:49:00 2024,,ping.chartbeat.net,,8.8.8.8,
648,Aug  5 23:49:00 2024,,ping.chartbeat.net,,8.8.4.4,
649,Aug  5 23:49:00 2024,,ping.chartbeat.net,,8.8.8.8,
650,Aug  5 23:49:00 2024,,ping.chartbeat.net,,8.8.4.4,
651,Aug  5 23:49:00 2024,,ping.chartbeat.net,,8.8.8.8,
652,Aug  5 23:49:00 2024,,ping.chartbeat.net,,8.8.4.4,
653,Aug  5 23:49:00 2024,A,ping.chartbeat.net,192.168.3.223,,
654,Aug  5 23:49:00 2024,,ping.chartbeat.net,,8.8.8.8,
655,Aug  5 23:49:00 2024,,ping.chartbeat.net,,,NODATA
656,Aug  5 23:49:00 2024,,ping.chartbeat.net,,,54.161.140.107
657,Aug  5 23:49:00 2024,,ping.chartbeat.net,,,34.238.101.65
658,Aug  5 23:49:00 2024,,ping.chartbeat.net,,,52.6.118.48
659,Aug  5 23:49:00 2024,,ping.chartbeat.net,,,34.198.78.128
660,Aug  5 23:49:00 2024,,ping.chartbeat.net,,,44.212.211.4
661,Aug  5 23:49:00 2024,,ping.chartbeat.net,,,44.193.116.81
662,Aug  5 23:49:00 2024,,ping.chartbeat.net,,,18.210.187.1
663,Aug  5 23:49:00 2024,,ping.chartbeat.net,,,34.231.196.140
664,Aug  5 23:49:00 2024,HTTPS,as-sec.casalemedia.com,192.168.3.223,,
665,Aug  5 23:49:00 2024,,as-sec.casalemedia.com,,8.8.8.8,
666,Aug  5 23:49:00 2024,A,as-sec.casalemedia.com,192.168.3.223,,
667,Aug  5 23:49:00 2024,,as-sec.casalemedia.com,,8.8.8.8,
668,Aug  5 23:49:00 2024,,as-sec.casalemedia.com,,,172.64.151.101
669,Aug  5 23:49:00 2024,,as-sec.casalemedia.com,,,104.18.36.155
670,Aug  5 23:49:00 2024,,as-sec.casalemedia.com,,,NODATA
671,Aug  5 23:49:00 2024,A,istio-ingress.wunderkind.co,192.168.3.223,,
672,Aug  5 23:49:00 2024,,istio-ingress.wunderkind.co,,8.8.8.8,
673,Aug  5 23:49:00 2024,,istio-ingress.wunderkind.co,,,34.117.4.53
674,Aug  5 23:49:00 2024,HTTPS,events.bouncex.net,192.168.3.223,,
675,Aug  5 23:49:00 2024,,events.bouncex.net,,8.8.8.8,
676,Aug  5 23:49:00 2024,A,events.bouncex.net,192.168.3.223,,
677,Aug  5 23:49:00 2024,,events.bouncex.net,,8.8.8.8,
678,Aug  5 23:49:00 2024,,events.bouncex.net,,,<CNAME>
679,Aug  5 23:49:00 2024,,nginx-ingress.wunderkind.co,,,34.111.8.32
680,Aug  5 23:49:00 2024,,events.bouncex.net,,,<CNAME>
681,Aug  5 23:49:00 2024,,nginx-ingress.wunderkind.co,,,NODATA
682,Aug  5 23:49:00 2024,HTTPS,nginx-ingress.wunderkind.co,192.168.3.223,,
683,Aug  5 23:49:00 2024,,nginx-ingress.wunderkind.co,,8.8.8.8,
684,Aug  5 23:49:00 2024,,nginx-ingress.wunderkind.co,,,NODATA
